case_id,prediction
0,405.34
1,148.94
2,407.98
3,148.36
4,410.7
5,138.5
6,409.88
7,196.68
8,188.4
9,268.97
10,166.9
11,129.14
12,174.81
13,337.28
14,181.86
15,400.98
16,391.13
17,272.97
18,392.01
19,330.36
20,301.62
21,75.46
22,185.37
23,170.56
24,394.41
25,206.04
26,196.32
27,191.84
28,177.23
29,385.62
30,278.98
31,288.81
32,285.39
33,180.78
34,183.0
35,189.57
36,299.23
37,82.31
38,328.64
39,295.02
40,79.56
41,192.93
42,191.4
43,280.1
44,69.66
45,79.18
46,400.76
47,177.43
48,280.02
49,266.46
50,383.05
51,304.36
52,164.34
53,387.89
54,301.47
55,307.18
56,395.4
57,280.51
58,72.34
59,392.28
60,74.16
61,202.12
62,206.76
63,175.56
64,392.64
65,290.71
66,273.68
67,336.56
68,402.19
69,409.49
70,265.28
71,266.82
72,79.71
73,406.56
74,188.32
75,321.71
76,144.54
77,299.75
78,292.32
79,168.74
80,192.97
81,186.59
82,186.89
83,148.78
84,271.13
85,395.17
86,178.27
87,206.32
88,175.58
89,263.35
90,189.51
91,268.1
92,319.35
93,172.02
94,286.09
95,277.28
96,309.31
97,203.73
98,288.88
99,289.9
100,1100.0
101,1100.0
102,1100.0
103,1100.0
104,1100.0
105,1050.0
106,1100.0
107,1100.0
108,1100.0
109,1100.0
110,1050.0
111,1100.0
112,1100.0
113,1100.0
114,1100.0
115,1050.0
116,1100.0
117,1050.0
118,1100.0
119,1050.0
120,1100.0
121,1100.0
122,1050.0
123,1100.0
124,1050.0
125,1100.0
126,1097.02
127,1110.0
128,1050.0
129,1043.06
130,1100.0
131,1110.0
132,1100.0
133,1110.0
134,1100.0
135,1009.46
136,1060.0
137,1100.0
138,1100.0
139,1100.0
140,1050.0
141,1100.0
142,1100.0
143,976.43
144,1110.0
145,1100.0
146,1100.0
147,1100.0
148,1100.0
149,1100.0
150,1100.0
151,1100.0
152,1100.0
153,1100.0
154,1050.0
155,1050.0
156,1100.0
157,1100.0
158,1029.71
159,1050.0
160,1100.0
161,857.94
162,1110.0
163,1100.0
164,1100.0
165,1100.0
166,1082.01
167,1110.0
168,1100.0
169,653.28
170,978.35
171,1100.0
172,1100.0
173,1050.0
174,1050.0
175,1100.0
176,1100.0
177,1100.0
178,1010.47
179,1050.0
180,1100.0
181,1100.0
182,1050.0
183,1100.0
184,1100.0
185,1050.0
186,1050.0
187,1100.0
188,1050.0
189,1100.0
190,1100.0
191,1100.0
192,1100.0
193,968.81
194,875.68
195,1100.0
196,1100.0
197,863.97
198,877.09
199,1100.0
200,1000.0
201,950.0
202,1100.0
203,1100.0
204,950.0
205,1000.0
206,1100.0
207,1100.0
208,1100.0
209,1100.0
210,950.0
211,1050.0
212,950.0
213,1100.0
214,1000.0
215,950.0
216,1000.0
217,1050.0
218,1100.0
219,1100.0
220,1100.0
221,1100.0
222,1000.0
223,1000.0
224,1100.0
225,960.0
226,1100.0
227,1000.0
228,1050.0
229,950.0
230,808.69
231,1000.0
232,1050.0
233,960.0
234,1100.0
235,1000.0
236,1100.0
237,1000.0
238,950.0
239,950.0
240,1100.0
241,950.0
242,1050.0
243,1000.0
244,950.0
245,1000.0
246,1000.0
247,1000.0
248,950.0
249,1100.0
250,1100.0
251,1110.0
252,1000.0
253,950.0
254,1000.0
255,1100.0
256,950.0
257,1072.23
258,1100.0
259,1100.0
260,950.0
261,960.0
262,1000.0
263,1100.0
264,1000.0
265,950.0
266,1100.0
267,1100.0
268,1100.0
269,1000.0
270,1000.0
271,1000.0
272,1000.0
273,1100.0
274,965.53
275,1050.0
276,1000.0
277,1100.0
278,1000.0
279,1050.0
280,1000.0
281,1100.0
282,1100.0
283,1000.0
284,1000.0
285,1100.0
286,1000.0
287,1060.0
288,1000.0
289,1100.0
290,1100.0
291,1000.0
292,1000.0
293,1000.0
294,1100.0
295,950.0
296,1050.0
297,1010.0
298,1000.0
299,1000.0
300,1100.0
301,1100.0
302,1050.0
303,1070.71
304,1100.0
305,1069.67
306,1050.0
307,1050.0
308,1100.0
309,1100.0
310,1050.0
311,1050.0
312,1100.0
313,1050.0
314,1100.0
315,1052.91
316,1100.0
317,857.13
318,1100.0
319,1050.0
320,1110.0
321,1053.86
322,1053.94
323,1100.0
324,1100.0
325,1050.0
326,1100.0
327,1100.0
328,1050.0
329,1100.0
330,602.37
331,655.16
332,815.78
333,1100.0
334,1100.0
335,1002.12
336,1022.6
337,590.69
338,1100.0
339,1200.0
340,720.02
341,1018.17
342,1100.0
343,1100.0
344,1100.0
345,1100.0
346,1110.0
347,589.67
348,1050.0
349,1100.0
350,1100.0
351,1100.0
352,838.25
353,1100.0
354,903.72
355,905.13
356,1050.0
357,1100.0
358,823.0
359,857.27
360,984.33
361,1100.0
362,1100.0
363,1100.0
364,632.68
365,1100.0
366,1100.0
367,1050.0
368,835.84
369,1050.0
370,1100.0
371,1100.0
372,1100.0
373,1100.0
374,1100.0
375,1100.0
376,1050.0
377,849.77
378,992.49
379,1100.0
380,996.45
381,1200.0
382,1050.0
383,744.91
384,1110.0
385,1041.66
386,1100.0
387,461.25
388,1100.0
389,1100.0
390,927.62
391,1100.0
392,962.62
393,1100.0
394,1100.0
395,1100.0
396,1100.0
397,1100.0
398,1100.0
399,1100.0
400,1060.0
401,929.39
402,1060.0
403,1110.0
404,1110.0
405,951.59
406,1060.0
407,1110.0
408,759.45
409,1060.0
410,884.89
411,1110.0
412,1060.0
413,1110.0
414,1060.0
415,964.67
416,1110.0
417,625.39
418,1110.0
419,572.69
420,1110.0
421,931.79
422,1052.69
423,936.99
424,1060.0
425,1060.0
426,1110.0
427,1110.0
428,588.29
429,1110.0
430,645.79
431,968.99
432,1060.0
433,1110.0
434,1030.59
435,1110.0
436,958.49
437,1110.0
438,867.49
439,1110.0
440,1110.0
441,1060.0
442,918.09
443,1022.29
444,877.33
445,1110.0
446,590.59
447,1060.0
448,1110.0
449,857.89
450,441.56
451,555.84
452,608.98
453,1060.3
454,1100.0
455,948.75
456,1100.0
457,951.24
458,824.08
459,1057.17
460,1100.0
461,1100.0
462,1100.0
463,1086.3
464,1100.0
465,830.23
466,1100.0
467,1050.0
468,1050.0
469,645.46
470,845.77
471,1100.0
472,1100.0
473,1100.0
474,1060.99
475,1050.0
476,1050.0
477,1100.0
478,1100.0
479,788.4
480,925.22
481,1014.9
482,570.78
483,665.37
484,1100.0
485,879.46
486,1100.0
487,1050.0
488,868.97
489,1060.0
490,876.27
491,594.77
492,779.22
493,1038.24
494,706.4
495,643.4
496,1100.0
497,1100.0
498,1100.0
499,931.28
500,1100.0
501,1050.0
502,823.92
503,518.7
504,1100.0
505,527.96
506,1050.0
507,829.43
508,1050.0
509,690.1
510,1100.0
511,826.08
512,886.1
513,805.37
514,581.77
515,1050.0
516,893.62
517,1100.0
518,1100.0
519,835.96
520,1100.0
521,1044.9
522,1100.0
523,801.59
524,984.7
525,817.38
526,793.89
527,1085.64
528,1100.0
529,728.84
530,912.33
531,1100.0
532,1050.0
533,825.4
534,525.92
535,1089.08
536,1050.0
537,649.33
538,1100.0
539,802.62
540,1050.0
541,1100.0
542,1100.0
543,386.02
544,837.42
545,787.14
546,1100.0
547,1100.0
548,772.73
549,1050.0
550,1060.0
551,1050.0
552,1050.0
553,950.0
554,1050.0
555,854.12
556,928.52
557,1050.0
558,1050.0
559,1050.0
560,1050.0
561,1050.0
562,1050.0
563,1050.0
564,1050.0
565,938.26
566,1050.0
567,1049.75
568,1050.0
569,1050.0
570,1050.0
571,866.94
572,1050.0
573,950.0
574,1050.0
575,934.75
576,950.0
577,917.68
578,1050.0
579,883.0
580,848.58
581,1050.0
582,1050.0
583,947.69
584,1050.0
585,1050.0
586,1050.0
587,1050.0
588,1050.0
589,1050.0
590,950.0
591,1050.0
592,1050.0
593,950.0
594,968.68
595,1060.0
596,1050.0
597,1050.0
598,1050.0
599,1050.0
600,950.0
601,1050.0
602,950.0
603,1050.0
604,1018.67
605,1050.0
606,1050.0
607,837.47
608,1050.0
609,1050.0
610,1050.0
611,1050.0
612,1050.0
613,950.0
614,1050.0
615,1050.0
616,1050.0
617,1050.0
618,1050.0
619,996.62
620,950.0
621,796.2
622,1050.0
623,888.63
624,1050.0
625,1050.0
626,1050.0
627,1050.0
628,950.0
629,1050.0
630,1050.0
631,1060.0
632,962.0
633,1050.0
634,1050.0
635,1050.0
636,1050.0
637,1050.0
638,855.27
639,1050.0
640,833.0
641,1050.0
642,1050.0
643,1050.0
644,1050.0
645,1050.0
646,987.8
647,1050.0
648,1050.0
649,1050.0
650,1000.0
651,1100.0
652,1000.0
653,1000.0
654,1100.0
655,1000.0
656,1000.0
657,1100.0
658,1100.0
659,1100.0
660,1000.0
661,1100.0
662,1000.0
663,1100.0
664,1000.0
665,1000.0
666,1000.0
667,1000.0
668,1000.0
669,1000.0
670,1000.0
671,1000.0
672,1100.0
673,1100.0
674,1000.0
675,1100.0
676,1100.0
677,1000.0
678,1100.0
679,1100.0
680,1000.0
681,1000.0
682,1100.0
683,1100.0
684,1100.0
685,1000.0
686,1100.0
687,1000.0
688,1000.0
689,1100.0
690,1000.0
691,1000.0
692,1100.0
693,1000.0
694,1000.0
695,1000.0
696,1100.0
697,1000.0
698,1000.0
699,1000.0
700,1100.0
701,1000.0
702,1100.0
703,1100.0
704,1000.0
705,1000.0
706,1100.0
707,1000.0
708,1100.0
709,1110.0
710,1100.0
711,1100.0
712,1100.0
713,1000.0
714,1100.0
715,1000.0
716,1100.0
717,1100.0
718,1000.0
719,1100.0
720,1000.0
721,1100.0
722,1100.0
723,1100.0
724,1000.0
725,1000.0
726,1100.0
727,1100.0
728,1000.0
729,1100.0
730,1000.0
731,1100.0
732,1000.0
733,1000.0
734,1010.0
735,1000.0
736,1000.0
737,1100.0
738,1100.0
739,1100.0
740,1110.0
741,1100.0
742,1000.0
743,1000.0
744,1000.0
745,1000.0
746,1000.0
747,1100.0
748,1110.0
749,1000.0
750,1050.0
751,1100.0
752,1003.22
753,950.0
754,1100.0
755,865.36
756,1100.0
757,1100.0
758,885.78
759,1100.0
760,1000.0
761,1100.0
762,950.0
763,950.0
764,1060.0
765,1000.0
766,950.0
767,1100.0
768,1000.0
769,1100.0
770,1100.0
771,1000.0
772,950.0
773,950.0
774,1100.0
775,950.0
776,1050.0
777,1050.0
778,950.0
779,1110.0
780,950.0
781,1050.0
782,1100.0
783,1068.85
784,1100.0
785,1000.0
786,810.19
787,950.0
788,950.0
789,553.43
790,1000.0
791,1100.0
792,1050.0
793,911.09
794,1050.0
795,950.0
796,1000.0
797,833.37
798,950.0
799,1050.0
800,960.0
801,1100.0
802,1100.0
803,1000.0
804,950.0
805,1050.0
806,1100.0
807,1100.0
808,1050.0
809,1000.0
810,1100.0
811,1050.0
812,899.71
813,258.23
814,1100.0
815,1050.0
816,1100.0
817,1000.0
818,1050.0
819,1007.75
820,1100.0
821,1050.0
822,1100.0
823,600.12
824,1050.0
825,1100.0
826,1100.0
827,1100.0
828,947.17
829,950.0
830,1100.0
831,1110.0
832,1100.0
833,1100.0
834,925.87
835,1100.0
836,1050.0
837,950.0
838,1200.0
839,950.0
840,1000.0
841,1050.0
842,1100.0
843,1050.0
844,1050.0
845,1100.0
846,1000.0
847,1100.0
848,1100.0
849,1100.0
850,1050.0
851,1100.0
852,1000.0
853,950.0
854,1100.0
855,1000.0
856,1100.0
857,1100.0
858,1050.0
859,950.0
860,1100.0
861,1050.0
862,1050.0
863,1100.0
864,1050.0
865,1100.0
866,1100.0
867,1100.0
868,1050.0
869,1100.0
870,1200.0
871,1100.0
872,1100.0
873,1100.0
874,1050.0
875,1000.0
876,1050.0
877,1100.0
878,1100.0
879,950.0
880,601.55
881,1100.0
882,1100.0
883,1005.47
884,980.32
885,1100.0
886,1050.0
887,1100.0
888,1000.0
889,1100.0
890,1044.72
891,1100.0
892,905.64
893,950.0
894,1100.0
895,1000.0
896,1000.0
897,1100.0
898,1100.0
899,950.0
900,1100.0
901,950.0
902,1100.0
903,1000.0
904,1100.0
905,925.63
906,1100.0
907,997.45
908,1100.0
909,1000.0
910,950.0
911,833.29
912,973.93
913,1100.0
914,950.0
915,1050.0
916,1050.0
917,1100.0
918,1100.0
919,1000.0
920,1100.0
921,1000.0
922,1100.0
923,1100.0
924,1050.0
925,1100.0
926,1000.0
927,1000.0
928,1100.0
929,1000.0
930,1050.0
931,1000.0
932,1000.0
933,950.0
934,950.0
935,1100.0
936,700.39
937,1050.0
938,1050.28
939,1100.0
940,1000.0
941,1100.0
942,1100.0
943,1050.0
944,1100.0
945,1100.0
946,1000.0
947,1000.0
948,1100.0
949,950.0
950,1050.0
951,1100.0
952,950.0
953,1100.0
954,1100.0
955,950.0
956,1100.0
957,1100.0
958,1100.0
959,1000.0
960,1100.0
961,1100.0
962,1100.0
963,1050.0
964,1000.0
965,1000.0
966,950.0
967,1000.0
968,1100.0
969,1050.0
970,1050.0
971,1000.0
972,1100.0
973,1000.0
974,1050.0
975,1100.0
976,1050.0
977,873.02
978,1100.0
979,1110.0
980,1050.0
981,1050.0
982,1100.0
983,1000.0
984,1010.0
985,1100.0
986,1100.0
987,1000.0
988,1000.0
989,950.0
990,1100.0
991,1050.0
992,1000.0
993,1100.0
994,1000.0
995,1050.0
996,1100.0
997,1100.0
998,1000.0
999,1100.0
1000,886.99
1001,1100.0
1002,1000.0
1003,1000.0
1004,950.0
1005,1000.0
1006,1100.0
1007,1000.0
1008,950.0
1009,1000.0
1010,1100.0
1011,950.0
1012,1050.0
1013,1000.0
1014,1100.0
1015,1110.0
1016,1100.0
1017,1100.0
1018,1050.0
1019,1000.0
1020,1100.0
1021,1049.64
1022,1050.0
1023,1000.0
1024,826.54
1025,1100.0
1026,950.0
1027,1000.0
1028,950.0
1029,1100.0
1030,1050.0
1031,1050.0
1032,1100.0
1033,1100.0
1034,1050.0
1035,1050.0
1036,1110.0
1037,1100.0
1038,1100.0
1039,1100.0
1040,1050.0
1041,1050.0
1042,960.0
1043,1100.0
1044,1100.0
1045,950.0
1046,898.33
1047,1100.0
1048,1100.0
1049,1100.0
1050,971.08
1051,1100.0
1052,1100.0
1053,1000.0
1054,1050.0
1055,1050.0
1056,1100.0
1057,1100.0
1058,1060.0
1059,950.0
1060,950.0
1061,1100.0
1062,1050.0
1063,1100.0
1064,950.0
1065,1100.0
1066,950.0
1067,950.0
1068,950.0
1069,1100.0
1070,1110.0
1071,950.0
1072,1026.11
1073,1100.0
1074,1050.0
1075,1100.0
1076,1100.0
1077,1100.0
1078,950.0
1079,1200.0
1080,950.0
1081,1100.0
1082,1010.0
1083,950.0
1084,1110.0
1085,960.1
1086,1050.0
1087,1000.0
1088,950.0
1089,1050.0
1090,1000.0
1091,1100.0
1092,1100.0
1093,1100.0
1094,950.0
1095,1050.0
1096,467.58
1097,1100.0
1098,1000.0
1099,950.0
1100,1100.0
1101,1200.0
1102,950.0
1103,1100.0
1104,1100.0
1105,950.0
1106,1000.0
1107,950.0
1108,1050.0
1109,950.0
1110,1100.0
1111,950.0
1112,1100.0
1113,1100.0
1114,1100.0
1115,1100.0
1116,1000.0
1117,1050.0
1118,950.0
1119,1100.0
1120,1100.0
1121,1100.0
1122,1000.0
1123,1100.0
1124,1100.0
1125,1050.0
1126,1100.0
1127,1000.0
1128,1100.0
1129,1100.0
1130,1100.0
1131,1000.0
1132,950.0
1133,1050.0
1134,1100.0
1135,1100.0
1136,1100.0
1137,1100.0
1138,950.0
1139,1000.0
1140,1100.0
1141,1050.0
1142,1100.0
1143,1100.0
1144,950.0
1145,1100.0
1146,1000.0
1147,950.0
1148,950.0
1149,1050.0
1150,1100.0
1151,1000.0
1152,408.55
1153,1000.0
1154,1050.0
1155,1100.0
1156,1000.0
1157,1100.0
1158,950.0
1159,1100.0
1160,1019.02
1161,1050.0
1162,1050.0
1163,950.0
1164,1110.0
1165,1000.0
1166,686.27
1167,1050.0
1168,1100.0
1169,1000.0
1170,950.0
1171,1100.0
1172,1100.0
1173,1000.0
1174,1100.0
1175,1000.0
1176,950.0
1177,1050.0
1178,950.0
1179,1000.0
1180,704.21
1181,1000.0
1182,1050.0
1183,950.0
1184,1110.0
1185,950.0
1186,1100.0
1187,1100.0
1188,1100.0
1189,1050.0
1190,950.0
1191,1050.0
1192,950.0
1193,950.0
1194,950.0
1195,1000.0
1196,950.0
1197,950.0
1198,1100.0
1199,1100.0
1200,1100.0
1201,1050.0
1202,1100.0
1203,1100.0
1204,1100.0
1205,1100.0
1206,1050.0
1207,1100.0
1208,1000.0
1209,950.0
1210,1000.0
1211,860.15
1212,1000.0
1213,950.0
1214,1100.0
1215,950.0
1216,541.2
1217,1050.0
1218,1000.0
1219,744.72
1220,1050.0
1221,1050.0
1222,1100.0
1223,950.0
1224,1100.0
1225,1000.0
1226,1100.0
1227,1100.0
1228,850.08
1229,1100.0
1230,1050.0
1231,1050.0
1232,1050.0
1233,1100.0
1234,950.0
1235,783.14
1236,1050.0
1237,1095.45
1238,1050.0
1239,1050.0
1240,1069.69
1241,1050.0
1242,1050.0
1243,1100.0
1244,1050.0
1245,950.0
1246,1000.0
1247,1000.0
1248,1110.0
1249,1050.0
1250,1000.0
1251,1000.0
1252,1100.0
1253,1100.0
1254,1100.0
1255,1050.0
1256,1100.0
1257,1110.0
1258,1100.0
1259,1100.0
1260,1100.0
1261,815.46
1262,950.0
1263,1100.0
1264,1100.0
1265,1100.0
1266,950.0
1267,1100.0
1268,1100.0
1269,1100.0
1270,1100.0
1271,1100.0
1272,1100.0
1273,950.0
1274,1100.0
1275,950.0
1276,1000.0
1277,1100.0
1278,1100.0
1279,950.0
1280,1050.0
1281,950.0
1282,1050.0
1283,1050.0
1284,1100.0
1285,1100.0
1286,1000.0
1287,1100.0
1288,636.82
1289,1050.0
1290,1100.0
1291,1000.0
1292,1100.0
1293,1000.0
1294,1100.0
1295,1060.0
1296,1100.0
1297,1100.0
1298,1100.0
1299,950.0
1300,950.0
1301,1050.0
1302,950.0
1303,1100.0
1304,950.0
1305,1000.0
1306,1000.0
1307,1100.0
1308,1100.0
1309,1050.0
1310,1050.0
1311,950.0
1312,1050.0
1313,1050.0
1314,950.0
1315,1100.0
1316,1086.24
1317,1100.0
1318,1000.0
1319,1050.0
1320,1100.0
1321,978.82
1322,1050.0
1323,1100.0
1324,783.93
1325,1100.0
1326,1050.0
1327,950.0
1328,1050.0
1329,1050.0
1330,1100.0
1331,1050.0
1332,1100.0
1333,1100.0
1334,1050.0
1335,1050.0
1336,1000.0
1337,1028.89
1338,1100.0
1339,1050.0
1340,839.64
1341,1100.0
1342,1050.0
1343,1100.0
1344,1110.0
1345,950.0
1346,1100.0
1347,1050.0
1348,1100.0
1349,1100.0
1350,1050.0
1351,1050.0
1352,1100.0
1353,1100.0
1354,1000.0
1355,1000.0
1356,1100.0
1357,1050.0
1358,755.59
1359,950.0
1360,1100.0
1361,950.0
1362,1100.0
1363,1000.0
1364,1000.0
1365,1100.0
1366,1050.0
1367,1050.0
1368,1100.0
1369,1000.0
1370,950.0
1371,1000.0
1372,1100.0
1373,1050.0
1374,1050.0
1375,950.0
1376,1100.0
1377,1071.38
1378,1100.0
1379,1050.0
1380,950.0
1381,1050.0
1382,1050.0
1383,950.0
1384,1100.0
1385,1060.0
1386,950.0
1387,960.0
1388,950.0
1389,785.34
1390,1100.0
1391,1000.0
1392,1050.0
1393,1100.0
1394,1000.0
1395,1100.0
1396,1100.0
1397,950.0
1398,1100.0
1399,1100.0
1400,950.0
1401,1050.0
1402,950.0
1403,1000.0
1404,1054.48
1405,889.65
1406,1100.0
1407,1050.0
1408,1100.0
1409,534.28
1410,1050.0
1411,1050.0
1412,1100.0
1413,950.0
1414,1050.0
1415,1100.0
1416,1100.0
1417,1000.0
1418,950.0
1419,1000.0
1420,1050.0
1421,1100.0
1422,1000.0
1423,1000.0
1424,1050.0
1425,950.0
1426,960.0
1427,1100.0
1428,1082.25
1429,1000.0
1430,1100.0
1431,1050.0
1432,950.0
1433,950.0
1434,1100.0
1435,1050.0
1436,950.0
1437,1100.0
1438,1050.0
1439,950.0
1440,1050.0
1441,950.0
1442,1100.0
1443,1000.0
1444,1076.32
1445,1000.0
1446,1100.0
1447,1000.0
1448,1050.0
1449,1100.0
1450,1010.0
1451,950.0
1452,1050.0
1453,1100.0
1454,1050.0
1455,1000.0
1456,1100.0
1457,1000.0
1458,1100.0
1459,641.92
1460,1100.0
1461,1050.0
1462,1050.0
1463,1100.0
1464,1000.0
1465,1100.0
1466,1050.0
1467,950.0
1468,1050.0
1469,823.08
1470,1050.0
1471,1050.0
1472,1050.0
1473,950.0
1474,1050.0
1475,1050.0
1476,950.0
1477,1100.0
1478,1100.0
1479,1050.0
1480,1000.0
1481,1100.0
1482,1050.0
1483,1100.0
1484,1100.0
1485,950.0
1486,950.0
1487,1050.0
1488,1050.0
1489,768.09
1490,1110.0
1491,1050.0
1492,1035.06
1493,1050.0
1494,1100.0
1495,950.0
1496,1000.0
1497,1100.0
1498,950.0
1499,822.67
1500,950.0
1501,950.0
1502,1100.0
1503,1000.0
1504,1100.0
1505,1000.0
1506,1000.27
1507,1010.45
1508,1100.0
1509,1100.0
1510,1000.0
1511,1050.0
1512,1000.0
1513,1100.0
1514,1050.0
1515,1000.0
1516,1100.0
1517,1050.0
1518,1000.0
1519,950.0
1520,743.88
1521,1100.0
1522,1017.71
1523,1050.0
1524,1100.0
1525,1100.0
1526,1050.0
1527,1050.0
1528,1100.0
1529,1050.85
1530,1050.0
1531,934.66
1532,1100.0
1533,1097.89
1534,950.0
1535,1050.0
1536,1000.0
1537,950.0
1538,266.54
1539,1050.0
1540,1050.0
1541,890.77
1542,1100.0
1543,950.0
1544,1050.0
1545,1000.0
1546,960.0
1547,1100.0
1548,1100.0
1549,567.71
1550,950.0
1551,1050.0
1552,1100.0
1553,950.0
1554,1100.0
1555,1100.0
1556,484.19
1557,642.6
1558,1100.0
1559,1000.0
1560,864.49
1561,1045.53
1562,1100.0
1563,950.0
1564,950.0
1565,1100.0
1566,1000.0
1567,479.44
1568,1100.0
1569,1100.0
1570,1100.0
1571,950.0
1572,950.0
1573,950.0
1574,1100.0
1575,1000.0
1576,1100.0
1577,1000.0
1578,1050.0
1579,960.0
1580,1050.0
1581,1100.0
1582,1100.0
1583,1050.0
1584,1050.0
1585,1100.0
1586,1100.0
1587,1100.0
1588,1100.0
1589,950.0
1590,1100.0
1591,1050.0
1592,1100.0
1593,1100.0
1594,1050.0
1595,1100.0
1596,1100.0
1597,1100.0
1598,1050.0
1599,1000.0
1600,1100.0
1601,1000.0
1602,659.92
1603,1100.0
1604,1100.0
1605,1000.0
1606,1050.0
1607,1100.0
1608,1050.0
1609,1050.0
1610,1000.0
1611,950.0
1612,1000.0
1613,1100.0
1614,1100.0
1615,1050.0
1616,1000.0
1617,1100.0
1618,897.15
1619,1100.0
1620,1060.0
1621,1100.0
1622,1100.0
1623,1050.0
1624,1100.0
1625,1000.0
1626,950.0
1627,1000.0
1628,1050.0
1629,1050.0
1630,1110.0
1631,1000.0
1632,1100.0
1633,1050.0
1634,1100.0
1635,1050.0
1636,685.18
1637,1100.0
1638,1050.0
1639,1100.0
1640,950.0
1641,1100.0
1642,1100.0
1643,950.0
1644,965.44
1645,950.0
1646,1100.0
1647,1050.0
1648,1100.0
1649,1100.0
1650,1100.0
1651,1100.0
1652,1000.0
1653,1000.0
1654,950.0
1655,1100.0
1656,1050.0
1657,1050.0
1658,950.0
1659,1050.0
1660,1100.0
1661,1100.0
1662,769.52
1663,1100.0
1664,1000.0
1665,1100.0
1666,1100.0
1667,1100.0
1668,1050.0
1669,1100.0
1670,1100.0
1671,950.0
1672,1100.0
1673,406.24
1674,1100.0
1675,925.67
1676,1100.0
1677,1100.0
1678,1100.0
1679,836.71
1680,981.59
1681,1100.0
1682,1050.0
1683,720.3
1684,1050.0
1685,1100.0
1686,1050.0
1687,950.0
1688,950.0
1689,1100.0
1690,1100.0
1691,581.75
1692,1100.0
1693,1100.0
1694,1100.0
1695,1100.0
1696,1050.0
1697,1050.0
1698,950.0
1699,1060.0
1700,1100.0
1701,1050.0
1702,1000.0
1703,1050.0
1704,1000.0
1705,1050.0
1706,1050.0
1707,1100.0
1708,950.0
1709,925.45
1710,950.0
1711,731.07
1712,1050.0
1713,1100.0
1714,1000.0
1715,911.1
1716,1000.0
1717,952.31
1718,1050.0
1719,1050.0
1720,1100.0
1721,950.0
1722,1050.0
1723,1100.0
1724,1000.0
1725,1050.0
1726,731.07
1727,1100.0
1728,950.0
1729,950.0
1730,1100.0
1731,1100.0
1732,1000.0
1733,950.0
1734,1100.0
1735,1050.0
1736,1100.0
1737,1050.0
1738,1100.0
1739,1100.0
1740,1100.0
1741,1100.0
1742,1100.0
1743,950.0
1744,1100.0
1745,1100.0
1746,1000.0
1747,950.0
1748,950.0
1749,1100.0
1750,1100.0
1751,1100.0
1752,1000.0
1753,1081.13
1754,950.0
1755,1050.0
1756,1050.0
1757,950.0
1758,950.0
1759,950.0
1760,1050.0
1761,1050.0
1762,1050.0
1763,1100.0
1764,1100.0
1765,1050.0
1766,1000.0
1767,780.02
1768,1100.0
1769,1100.0
1770,1100.0
1771,1100.0
1772,1100.0
1773,1000.0
1774,1100.0
1775,1050.0
1776,1050.0
1777,1100.0
1778,1100.0
1779,848.79
1780,1100.0
1781,769.95
1782,1050.0
1783,950.0
1784,1050.0
1785,1100.0
1786,617.97
1787,1100.0
1788,1100.0
1789,1000.0
1790,1000.0
1791,1100.0
1792,1100.0
1793,1100.0
1794,1000.0
1795,1100.0
1796,1050.0
1797,1100.0
1798,984.68
1799,1100.0
1800,1050.0
1801,950.0
1802,1050.0
1803,1100.0
1804,1000.0
1805,960.0
1806,1000.0
1807,950.0
1808,1100.0
1809,950.0
1810,1100.0
1811,950.0
1812,867.82
1813,1050.0
1814,1050.0
1815,1100.0
1816,1100.0
1817,1000.0
1818,950.0
1819,950.0
1820,950.0
1821,1100.0
1822,1100.0
1823,1100.0
1824,1100.0
1825,1100.0
1826,1050.0
1827,1100.0
1828,1100.0
1829,1000.0
1830,960.0
1831,1100.0
1832,868.19
1833,1100.0
1834,1050.0
1835,1100.0
1836,1050.0
1837,1050.0
1838,544.54
1839,1100.0
1840,1050.0
1841,1100.0
1842,1100.0
1843,1005.63
1844,1050.0
1845,950.0
1846,590.49
1847,1076.45
1848,950.0
1849,1100.0
1850,1100.0
1851,950.0
1852,1100.0
1853,1100.0
1854,1100.0
1855,1100.0
1856,1100.0
1857,1100.0
1858,950.0
1859,950.0
1860,1100.0
1861,1007.83
1862,1050.0
1863,1100.0
1864,1100.0
1865,815.62
1866,1100.0
1867,1000.0
1868,1100.0
1869,1100.0
1870,1100.0
1871,1050.0
1872,950.0
1873,1000.0
1874,1050.0
1875,1100.0
1876,1000.0
1877,1100.0
1878,1050.0
1879,1050.0
1880,1100.0
1881,1100.0
1882,1050.0
1883,1100.0
1884,1100.0
1885,1100.0
1886,1050.0
1887,1050.0
1888,1100.0
1889,1100.0
1890,1000.0
1891,950.0
1892,1100.0
1893,1100.0
1894,1100.0
1895,1000.0
1896,1050.0
1897,1100.0
1898,1100.0
1899,1100.0
1900,1050.0
1901,1100.0
1902,1060.0
1903,753.1
1904,1100.0
1905,950.0
1906,1050.0
1907,1100.0
1908,1100.0
1909,950.0
1910,1050.0
1911,803.96
1912,674.06
1913,950.0
1914,1100.0
1915,1110.0
1916,1050.0
1917,1000.0
1918,1000.0
1919,1100.0
1920,1100.0
1921,1100.0
1922,1110.0
1923,1050.0
1924,1050.0
1925,1100.0
1926,885.99
1927,1100.0
1928,1050.0
1929,950.0
1930,1010.0
1931,1050.0
1932,950.0
1933,1100.0
1934,1100.0
1935,950.0
1936,779.92
1937,1050.0
1938,1050.0
1939,1100.0
1940,1100.0
1941,1100.0
1942,797.36
1943,1100.0
1944,1100.0
1945,178.78
1946,981.6
1947,1100.0
1948,950.0
1949,1050.0
1950,1100.0
1951,1100.0
1952,975.35
1953,980.51
1954,1100.0
1955,950.0
1956,1100.0
1957,1000.0
1958,1000.0
1959,1050.0
1960,1100.0
1961,1100.0
1962,1100.0
1963,1000.0
1964,1100.0
1965,1100.0
1966,1100.0
1967,841.82
1968,950.0
1969,1050.0
1970,1100.0
1971,1100.0
1972,881.96
1973,1100.0
1974,1050.0
1975,1050.0
1976,1002.95
1977,1100.0
1978,1000.0
1979,1100.0
1980,1050.0
1981,1100.0
1982,1050.0
1983,1100.0
1984,1000.0
1985,1000.0
1986,690.51
1987,322.31
1988,1100.0
1989,1100.0
1990,950.0
1991,1010.0
1992,950.0
1993,1100.0
1994,1000.0
1995,1000.0
1996,950.0
1997,862.65
1998,1100.0
1999,1000.0
2000,1050.0
2001,1000.0
2002,950.0
2003,1060.0
2004,1000.0
2005,1050.0
2006,1050.0
2007,1050.0
2008,1100.0
2009,1100.0
2010,1100.0
2011,1100.0
2012,1050.0
2013,1100.0
2014,545.6
2015,1000.0
2016,1100.0
2017,1050.0
2018,733.7
2019,1082.66
2020,950.0
2021,1000.0
2022,950.0
2023,1050.0
2024,960.0
2025,1050.0
2026,1050.0
2027,1000.0
2028,1100.0
2029,1100.0
2030,997.42
2031,1100.0
2032,1100.0
2033,1000.0
2034,950.0
2035,923.06
2036,1050.0
2037,1100.0
2038,1050.0
2039,950.0
2040,1100.0
2041,1100.0
2042,1100.0
2043,950.0
2044,1100.0
2045,1100.0
2046,1060.0
2047,1050.0
2048,1000.0
2049,1100.0
2050,710.24
2051,1000.0
2052,1100.0
2053,1000.0
2054,1000.0
2055,1100.0
2056,1100.0
2057,922.32
2058,950.0
2059,1000.0
2060,1050.0
2061,1050.0
2062,950.0
2063,663.81
2064,1100.0
2065,1100.0
2066,1100.0
2067,1110.0
2068,1000.0
2069,1100.0
2070,1050.0
2071,1050.0
2072,950.0
2073,950.0
2074,949.73
2075,1000.0
2076,1100.0
2077,1050.0
2078,699.09
2079,950.0
2080,1100.0
2081,950.0
2082,950.0
2083,929.89
2084,1050.0
2085,1030.17
2086,950.0
2087,1050.0
2088,1100.0
2089,1100.0
2090,825.54
2091,1100.0
2092,1050.0
2093,1100.0
2094,1050.0
2095,1100.0
2096,1050.0
2097,1100.0
2098,1100.0
2099,1050.0
2100,1050.0
2101,1050.0
2102,1050.0
2103,1000.0
2104,1050.0
2105,950.0
2106,950.0
2107,1000.0
2108,1100.0
2109,1050.0
2110,1050.0
2111,1000.0
2112,1000.0
2113,994.88
2114,1100.0
2115,1050.0
2116,1100.0
2117,950.0
2118,1100.0
2119,950.0
2120,1050.0
2121,1100.0
2122,1100.0
2123,1000.0
2124,1050.0
2125,950.0
2126,1100.0
2127,1000.0
2128,950.0
2129,691.75
2130,950.0
2131,950.0
2132,1000.0
2133,1050.0
2134,950.0
2135,912.87
2136,1100.0
2137,1000.0
2138,1050.0
2139,1100.0
2140,1100.0
2141,1050.0
2142,1050.0
2143,1000.0
2144,1050.0
2145,950.0
2146,1100.0
2147,293.75
2148,1050.0
2149,1100.0
2150,1100.0
2151,1100.0
2152,950.0
2153,1000.0
2154,1050.0
2155,1100.0
2156,1000.0
2157,1100.0
2158,1050.0
2159,950.0
2160,1100.0
2161,1100.0
2162,1050.0
2163,1100.0
2164,950.0
2165,1100.0
2166,1100.0
2167,584.08
2168,1100.0
2169,1050.0
2170,1100.0
2171,1050.0
2172,1050.0
2173,1100.0
2174,1100.0
2175,1100.0
2176,1100.0
2177,1000.0
2178,1060.0
2179,1000.0
2180,1100.0
2181,995.42
2182,950.0
2183,1072.84
2184,1100.0
2185,1000.0
2186,1100.0
2187,950.0
2188,1100.0
2189,1000.0
2190,1050.0
2191,740.29
2192,1100.0
2193,1100.0
2194,950.0
2195,833.03
2196,1000.0
2197,1000.0
2198,1100.0
2199,950.0
2200,1050.0
2201,1043.71
2202,1100.0
2203,786.16
2204,287.49
2205,1100.0
2206,1100.0
2207,1100.0
2208,950.0
2209,1000.0
2210,1100.0
2211,1100.0
2212,1100.0
2213,1050.0
2214,1100.0
2215,1100.0
2216,1050.0
2217,1050.0
2218,1110.0
2219,950.0
2220,1100.0
2221,1000.0
2222,1050.0
2223,1100.0
2224,950.0
2225,1100.0
2226,1100.0
2227,1050.0
2228,1000.0
2229,1100.0
2230,950.0
2231,1000.0
2232,884.07
2233,950.0
2234,224.34
2235,1000.0
2236,1050.0
2237,950.0
2238,950.0
2239,1050.0
2240,950.0
2241,1000.0
2242,1100.0
2243,1060.0
2244,896.23
2245,1100.0
2246,1100.0
2247,1100.0
2248,1050.0
2249,1000.0
2250,1100.0
2251,1000.0
2252,1000.0
2253,1100.0
2254,343.26
2255,950.0
2256,597.41
2257,248.38
2258,1100.0
2259,1050.0
2260,1000.0
2261,1100.0
2262,1050.0
2263,1000.0
2264,1100.0
2265,950.0
2266,950.0
2267,1050.0
2268,1050.0
2269,950.0
2270,1100.0
2271,950.0
2272,1050.0
2273,1100.0
2274,1000.0
2275,1100.0
2276,1100.0
2277,1050.0
2278,1060.0
2279,1100.0
2280,950.0
2281,1050.0
2282,720.09
2283,1050.0
2284,1100.0
2285,1100.0
2286,1050.0
2287,1000.0
2288,1100.0
2289,950.0
2290,1082.09
2291,950.0
2292,1080.46
2293,1000.0
2294,950.0
2295,1100.0
2296,1100.0
2297,950.0
2298,907.08
2299,1100.0
2300,1100.0
2301,1100.0
2302,950.0
2303,1056.21
2304,1050.0
2305,811.92
2306,1176.16
2307,572.98
2308,1100.0
2309,950.0
2310,950.0
2311,1050.0
2312,1100.0
2313,893.91
2314,1100.0
2315,950.0
2316,1100.0
2317,769.82
2318,1100.0
2319,1050.0
2320,796.66
2321,1100.0
2322,1078.89
2323,1100.0
2324,1100.0
2325,1100.0
2326,1110.0
2327,786.48
2328,1100.0
2329,1000.0
2330,1100.0
2331,950.0
2332,950.0
2333,1050.0
2334,1100.0
2335,950.0
2336,1050.0
2337,1050.0
2338,1100.0
2339,1100.0
2340,1100.0
2341,950.0
2342,1200.0
2343,1100.0
2344,1000.0
2345,1100.0
2346,1050.0
2347,1000.0
2348,1000.0
2349,1100.0
2350,1000.0
2351,1100.0
2352,1050.0
2353,950.0
2354,1060.0
2355,1050.0
2356,1050.0
2357,1000.0
2358,1100.0
2359,852.35
2360,1050.0
2361,1009.71
2362,1062.0
2363,407.11
2364,1100.0
2365,950.0
2366,1100.0
2367,1100.0
2368,1050.0
2369,1100.0
2370,1100.0
2371,1100.0
2372,1050.0
2373,1100.0
2374,1037.93
2375,1100.0
2376,1000.0
2377,1100.0
2378,1100.0
2379,1050.0
2380,950.0
2381,1100.0
2382,950.0
2383,1050.0
2384,1009.58
2385,950.0
2386,1000.0
2387,1100.0
2388,1100.0
2389,1060.0
2390,1100.0
2391,1100.0
2392,1000.0
2393,950.0
2394,1000.0
2395,950.0
2396,968.68
2397,1100.0
2398,1100.0
2399,950.0
2400,1050.0
2401,950.0
2402,1050.0
2403,1050.0
2404,1050.0
2405,950.0
2406,1100.0
2407,950.0
2408,1100.0
2409,1100.0
2410,1050.0
2411,1100.0
2412,1000.0
2413,1000.0
2414,1100.0
2415,1050.0
2416,1050.0
2417,1050.0
2418,1003.22
2419,1100.0
2420,1050.0
2421,1000.0
2422,1100.0
2423,1100.0
2424,816.53
2425,1050.0
2426,1100.0
2427,970.7
2428,399.72
2429,950.0
2430,1100.0
2431,922.31
2432,1100.0
2433,1000.0
2434,1100.0
2435,1100.0
2436,1000.0
2437,950.0
2438,950.0
2439,1100.0
2440,1100.0
2441,1000.0
2442,1050.0
2443,766.32
2444,1000.0
2445,1050.0
2446,1000.0
2447,1000.0
2448,1000.0
2449,950.0
2450,950.0
2451,950.0
2452,1100.0
2453,1100.0
2454,1100.0
2455,1050.0
2456,1100.0
2457,1100.0
2458,1000.0
2459,950.0
2460,1100.0
2461,1000.0
2462,1100.0
2463,1110.0
2464,1000.0
2465,1100.0
2466,1100.0
2467,1100.0
2468,1100.0
2469,1000.0
2470,1016.34
2471,1050.0
2472,1050.0
2473,1000.0
2474,1000.0
2475,1003.14
2476,1000.0
2477,950.0
2478,950.0
2479,1100.0
2480,1050.0
2481,1050.0
2482,950.0
2483,552.58
2484,1000.0
2485,1000.0
2486,1000.0
2487,1100.0
2488,1050.0
2489,1100.0
2490,1050.0
2491,1000.0
2492,527.77
2493,1100.0
2494,1100.0
2495,1100.0
2496,1000.0
2497,1110.0
2498,1100.0
2499,1100.0
2500,1100.0
2501,950.0
2502,1100.0
2503,960.0
2504,1050.0
2505,1100.0
2506,1092.11
2507,1100.0
2508,1100.0
2509,1100.0
2510,769.49
2511,1050.0
2512,1050.0
2513,1000.0
2514,1050.0
2515,1100.0
2516,1050.0
2517,1100.0
2518,1000.0
2519,1000.0
2520,950.0
2521,1000.0
2522,1060.0
2523,1100.0
2524,950.0
2525,950.0
2526,1100.0
2527,724.23
2528,1100.0
2529,1100.0
2530,950.0
2531,1100.0
2532,1100.0
2533,950.34
2534,832.95
2535,1000.0
2536,1100.0
2537,1100.0
2538,1030.95
2539,1000.0
2540,1050.0
2541,1100.0
2542,1100.0
2543,1050.0
2544,1050.0
2545,1100.0
2546,1000.0
2547,1100.0
2548,1000.0
2549,1100.0
2550,1100.0
2551,950.0
2552,1100.0
2553,1000.0
2554,1100.0
2555,950.0
2556,1050.0
2557,1000.0
2558,1050.0
2559,1050.0
2560,1100.0
2561,1100.0
2562,950.0
2563,1050.0
2564,1050.0
2565,1050.0
2566,950.0
2567,950.0
2568,1100.0
2569,1100.0
2570,1100.0
2571,1110.0
2572,812.4
2573,950.0
2574,950.0
2575,1000.0
2576,1000.0
2577,897.47
2578,605.73
2579,950.0
2580,1000.0
2581,1050.0
2582,1000.0
2583,924.69
2584,1100.0
2585,1100.0
2586,1048.31
2587,1000.0
2588,1050.0
2589,1016.18
2590,950.0
2591,1010.0
2592,1050.0
2593,1027.6
2594,1050.0
2595,1050.0
2596,950.0
2597,1000.0
2598,950.0
2599,1100.0
2600,1100.0
2601,1050.0
2602,950.0
2603,1000.0
2604,1050.0
2605,1000.0
2606,637.19
2607,1100.0
2608,1100.0
2609,1000.0
2610,566.24
2611,983.48
2612,1000.0
2613,1000.0
2614,1100.0
2615,959.12
2616,1050.0
2617,1000.0
2618,950.0
2619,1100.0
2620,950.0
2621,1100.0
2622,1050.0
2623,1100.0
2624,1100.0
2625,1000.0
2626,1100.0
2627,1100.0
2628,951.28
2629,950.0
2630,1100.0
2631,1100.0
2632,950.0
2633,1000.0
2634,1000.0
2635,950.0
2636,1100.0
2637,1015.93
2638,1050.0
2639,1050.0
2640,938.46
2641,1100.0
2642,950.0
2643,1000.0
2644,1100.0
2645,1100.0
2646,1100.0
2647,950.0
2648,950.0
2649,1050.0
2650,1100.0
2651,828.29
2652,1100.0
2653,623.28
2654,1050.0
2655,1050.0
2656,1100.0
2657,1010.0
2658,1000.0
2659,1100.0
2660,1100.0
2661,1100.0
2662,554.82
2663,1100.0
2664,1000.0
2665,1100.0
2666,1100.0
2667,1050.0
2668,1100.0
2669,1050.0
2670,1100.0
2671,1100.0
2672,1050.0
2673,1110.0
2674,1110.0
2675,1100.0
2676,1100.0
2677,1100.0
2678,1050.0
2679,660.56
2680,991.03
2681,1100.0
2682,1050.0
2683,950.0
2684,1050.0
2685,1000.0
2686,950.0
2687,1100.0
2688,1010.0
2689,1100.0
2690,1000.0
2691,1050.0
2692,1000.0
2693,1110.0
2694,1050.0
2695,1100.0
2696,370.92
2697,1000.0
2698,950.0
2699,1050.0
2700,1100.0
2701,1100.0
2702,1100.0
2703,1100.0
2704,1100.0
2705,1050.0
2706,950.0
2707,824.78
2708,1100.0
2709,1100.0
2710,950.0
2711,1050.0
2712,1050.0
2713,950.0
2714,637.74
2715,950.0
2716,1000.0
2717,1100.0
2718,1050.0
2719,1000.0
2720,1050.0
2721,1100.0
2722,1100.0
2723,1110.0
2724,1100.0
2725,1050.0
2726,1000.0
2727,1050.0
2728,1050.0
2729,1000.0
2730,1100.0
2731,1100.0
2732,950.0
2733,1100.0
2734,1100.0
2735,1100.0
2736,1100.0
2737,1050.0
2738,799.13
2739,1100.0
2740,1100.0
2741,752.15
2742,1000.0
2743,456.81
2744,1100.0
2745,1100.0
2746,1100.0
2747,1000.0
2748,1000.0
2749,1100.0
2750,1100.0
2751,751.54
2752,939.42
2753,1100.0
2754,1000.0
2755,1100.0
2756,1100.0
2757,950.0
2758,960.0
2759,1050.0
2760,1000.0
2761,1100.0
2762,950.0
2763,370.67
2764,1000.0
2765,950.0
2766,1100.0
2767,926.62
2768,698.09
2769,1000.0
2770,950.0
2771,1100.0
2772,1000.0
2773,1000.0
2774,1050.0
2775,950.0
2776,950.0
2777,1100.0
2778,1000.0
2779,1100.0
2780,950.0
2781,1100.0
2782,950.0
2783,1000.0
2784,1050.0
2785,1100.0
2786,1100.0
2787,1050.0
2788,1100.0
2789,950.0
2790,1050.0
2791,1100.0
2792,1000.0
2793,1050.0
2794,1100.0
2795,1100.0
2796,1100.0
2797,1050.0
2798,1100.0
2799,1100.0
2800,1050.0
2801,1000.0
2802,1050.0
2803,1100.0
2804,950.0
2805,1100.0
2806,1000.0
2807,1050.0
2808,1050.0
2809,1100.0
2810,950.0
2811,1050.0
2812,1100.0
2813,1050.0
2814,1100.0
2815,1100.0
2816,1000.0
2817,1100.0
2818,1100.0
2819,1100.0
2820,1100.0
2821,1050.0
2822,1000.0
2823,1100.0
2824,1100.0
2825,1000.0
2826,1050.0
2827,950.0
2828,1000.0
2829,1000.0
2830,950.0
2831,1100.0
2832,1100.0
2833,1100.0
2834,669.45
2835,950.0
2836,1000.0
2837,1100.0
2838,1100.0
2839,1000.0
2840,1100.0
2841,1000.0
2842,1100.0
2843,1050.0
2844,1100.0
2845,1100.0
2846,950.0
2847,1100.0
2848,1100.0
2849,950.0
2850,1100.0
2851,1050.0
2852,1000.0
2853,1100.0
2854,1000.0
2855,1000.0
2856,1050.0
2857,791.36
2858,1050.0
2859,1100.0
2860,1000.0
2861,950.0
2862,1100.0
2863,1000.0
2864,1100.0
2865,950.0
2866,1050.0
2867,1100.0
2868,1000.0
2869,525.37
2870,1037.33
2871,1050.0
2872,1100.0
2873,1100.0
2874,1050.0
2875,1000.0
2876,1100.0
2877,1100.0
2878,1050.0
2879,1050.0
2880,950.0
2881,950.0
2882,1100.0
2883,1100.0
2884,950.0
2885,1110.0
2886,1050.0
2887,1050.0
2888,1000.0
2889,950.0
2890,1100.0
2891,1050.0
2892,1100.0
2893,1100.0
2894,1100.0
2895,1100.0
2896,645.33
2897,1100.0
2898,1100.0
2899,1032.48
2900,1100.0
2901,1100.0
2902,950.0
2903,1000.0
2904,1000.0
2905,1000.0
2906,1100.0
2907,1100.0
2908,1100.0
2909,1000.0
2910,1100.0
2911,1100.0
2912,1000.0
2913,1000.0
2914,1050.0
2915,1000.0
2916,1100.0
2917,1000.0
2918,1100.0
2919,1050.0
2920,1050.0
2921,1000.0
2922,1000.0
2923,1050.0
2924,1100.0
2925,950.0
2926,1000.0
2927,1100.0
2928,1000.0
2929,960.0
2930,1000.0
2931,1095.49
2932,1000.0
2933,635.58
2934,1050.0
2935,950.0
2936,1050.0
2937,1110.0
2938,1010.0
2939,1000.0
2940,1000.0
2941,1000.0
2942,1050.0
2943,1050.0
2944,1060.0
2945,1000.0
2946,1000.0
2947,950.0
2948,950.0
2949,1100.0
2950,1050.0
2951,1100.0
2952,1100.0
2953,1100.0
2954,1100.0
2955,1050.0
2956,1000.0
2957,950.0
2958,1000.0
2959,1050.0
2960,1100.0
2961,950.0
2962,1050.0
2963,1100.0
2964,1050.0
2965,1100.0
2966,1050.0
2967,1039.21
2968,1100.0
2969,1100.0
2970,1050.0
2971,1000.0
2972,1050.0
2973,950.0
2974,1000.0
2975,1100.0
2976,1000.0
2977,1100.0
2978,551.64
2979,1100.0
2980,1100.0
2981,1050.0
2982,1000.0
2983,1050.0
2984,950.0
2985,950.0
2986,1100.0
2987,1050.0
2988,1000.0
2989,1000.0
2990,1100.0
2991,950.0
2992,576.34
2993,1100.0
2994,1100.0
2995,1100.0
2996,950.0
2997,1050.0
2998,1100.0
2999,1100.0
3000,1100.0
3001,1000.0
3002,820.43
3003,1100.0
3004,1100.0
3005,1000.0
3006,1000.0
3007,1000.0
3008,1100.0
3009,1050.0
3010,1100.0
3011,1100.0
3012,1050.0
3013,1050.0
3014,1100.0
3015,1000.0
3016,1100.0
3017,1100.0
3018,950.0
3019,1050.0
3020,1010.0
3021,1100.0
3022,1050.0
3023,1100.0
3024,1050.0
3025,1000.0
3026,1100.0
3027,1000.0
3028,1050.0
3029,1100.0
3030,1050.0
3031,1100.0
3032,1000.0
3033,1100.0
3034,950.0
3035,950.0
3036,1200.0
3037,1100.0
3038,1100.0
3039,919.42
3040,1100.0
3041,1100.0
3042,1100.0
3043,1100.0
3044,1060.0
3045,876.2
3046,1100.0
3047,1100.0
3048,1057.91
3049,805.12
3050,1068.09
3051,419.28
3052,1100.0
3053,950.0
3054,658.2
3055,950.0
3056,1100.0
3057,950.0
3058,1100.0
3059,1100.0
3060,950.0
3061,984.42
3062,1100.0
3063,1000.0
3064,950.0
3065,1100.0
3066,1100.0
3067,1050.0
3068,950.0
3069,1050.0
3070,1100.0
3071,1050.0
3072,950.0
3073,1100.0
3074,1050.0
3075,1100.0
3076,950.0
3077,1050.0
3078,1100.0
3079,1100.0
3080,1100.0
3081,1100.0
3082,1100.0
3083,1100.0
3084,1200.0
3085,1100.0
3086,1100.0
3087,1050.0
3088,369.64
3089,1100.0
3090,1060.0
3091,953.52
3092,1010.0
3093,1100.0
3094,1000.0
3095,950.0
3096,950.0
3097,950.0
3098,1050.0
3099,1060.0
3100,950.0
3101,1100.0
3102,1100.0
3103,949.06
3104,1050.0
3105,1100.0
3106,1100.0
3107,631.15
3108,1100.0
3109,1100.0
3110,1050.0
3111,1000.0
3112,1100.0
3113,1100.0
3114,1100.0
3115,1100.0
3116,1000.0
3117,1100.0
3118,1100.0
3119,950.0
3120,1100.0
3121,1017.62
3122,950.0
3123,1050.0
3124,1000.0
3125,1100.0
3126,395.02
3127,902.97
3128,1050.0
3129,950.0
3130,1100.0
3131,1100.0
3132,1050.0
3133,1100.0
3134,1050.0
3135,1050.0
3136,1100.0
3137,1100.0
3138,950.0
3139,1000.0
3140,827.59
3141,1100.0
3142,1100.0
3143,1000.0
3144,1050.0
3145,1100.0
3146,1100.0
3147,1000.0
3148,950.0
3149,1100.0
3150,1000.0
3151,1100.0
3152,1050.0
3153,1000.0
3154,1100.0
3155,1100.0
3156,1000.0
3157,1100.0
3158,1050.0
3159,1100.0
3160,1100.0
3161,950.0
3162,1100.0
3163,950.0
3164,1100.0
3165,1100.0
3166,1100.0
3167,1000.0
3168,950.0
3169,1000.0
3170,1000.0
3171,1050.0
3172,1100.0
3173,1100.0
3174,1100.0
3175,653.96
3176,1050.0
3177,1100.0
3178,1000.0
3179,1100.0
3180,1050.0
3181,1000.0
3182,1100.0
3183,1100.0
3184,1010.0
3185,1100.0
3186,671.63
3187,1050.0
3188,950.0
3189,1100.0
3190,1036.48
3191,1100.0
3192,1000.0
3193,1000.0
3194,1100.0
3195,1100.0
3196,1100.0
3197,775.99
3198,1000.0
3199,1000.0
3200,1100.0
3201,1000.0
3202,950.0
3203,1010.0
3204,1100.0
3205,1000.0
3206,1100.0
3207,1100.0
3208,1100.0
3209,1029.4
3210,1100.0
3211,1100.0
3212,1100.0
3213,1000.0
3214,1100.0
3215,950.0
3216,1100.0
3217,1100.0
3218,1100.0
3219,1050.0
3220,1100.0
3221,1050.0
3222,1000.0
3223,1075.74
3224,950.0
3225,1100.0
3226,1100.0
3227,1050.0
3228,1050.0
3229,1060.0
3230,1100.0
3231,1000.0
3232,1000.0
3233,1100.0
3234,1042.21
3235,1100.0
3236,1050.0
3237,1000.0
3238,1050.0
3239,1100.0
3240,1100.0
3241,1000.0
3242,1060.0
3243,1000.0
3244,980.9
3245,1050.0
3246,1100.0
3247,1100.0
3248,1050.0
3249,1050.0
3250,1100.0
3251,950.0
3252,1100.0
3253,960.0
3254,1100.0
3255,1050.0
3256,950.0
3257,1100.0
3258,950.0
3259,1100.0
3260,1000.0
3261,1100.0
3262,1100.0
3263,1100.0
3264,1050.0
3265,950.0
3266,950.0
3267,1100.0
3268,988.45
3269,1100.0
3270,950.0
3271,1100.0
3272,1100.0
3273,1000.0
3274,1048.92
3275,1050.0
3276,950.0
3277,1100.0
3278,1050.0
3279,1000.0
3280,898.96
3281,950.0
3282,1100.0
3283,1050.0
3284,1100.0
3285,999.72
3286,1100.0
3287,950.0
3288,1072.62
3289,950.0
3290,960.0
3291,1100.0
3292,1100.0
3293,1050.0
3294,1010.0
3295,950.0
3296,1100.0
3297,950.0
3298,471.91
3299,1100.0
3300,1100.0
3301,1100.0
3302,1000.0
3303,837.16
3304,1050.0
3305,1050.0
3306,1100.0
3307,1000.0
3308,1100.0
3309,1000.0
3310,1000.0
3311,1050.0
3312,950.0
3313,950.0
3314,1100.0
3315,1100.0
3316,1100.0
3317,1110.0
3318,1000.0
3319,1050.0
3320,1100.0
3321,1050.0
3322,950.0
3323,1100.0
3324,1025.89
3325,1100.0
3326,1000.0
3327,1060.0
3328,1100.0
3329,950.0
3330,1100.0
3331,1050.0
3332,1011.96
3333,1065.89
3334,950.0
3335,950.0
3336,1050.0
3337,1100.0
3338,1000.0
3339,960.0
3340,950.0
3341,876.48
3342,1050.0
3343,1050.0
3344,1050.0
3345,1050.0
3346,1050.0
3347,949.56
3348,1100.0
3349,935.47
3350,950.0
3351,1100.0
3352,1100.0
3353,1000.0
3354,1100.0
3355,1100.0
3356,1100.0
3357,1100.0
3358,1100.0
3359,1100.0
3360,1050.0
3361,1100.0
3362,1028.57
3363,962.63
3364,1050.0
3365,812.33
3366,1000.0
3367,1100.0
3368,1050.0
3369,1050.0
3370,443.24
3371,1050.0
3372,1100.0
3373,1100.0
3374,1050.0
3375,1000.0
3376,1100.0
3377,1050.0
3378,1050.0
3379,1000.0
3380,1100.0
3381,1100.0
3382,950.0
3383,1050.0
3384,950.0
3385,1100.0
3386,1100.0
3387,950.0
3388,1000.0
3389,712.93
3390,1100.0
3391,1050.0
3392,1100.0
3393,1000.0
3394,1100.0
3395,1000.0
3396,1050.0
3397,1100.0
3398,1100.0
3399,1017.34
3400,950.0
3401,1050.0
3402,950.0
3403,809.71
3404,1100.0
3405,950.0
3406,1110.0
3407,950.0
3408,1100.0
3409,950.0
3410,348.83
3411,1100.0
3412,1000.0
3413,1000.0
3414,1100.0
3415,1050.0
3416,950.0
3417,950.0
3418,950.0
3419,1000.0
3420,1050.0
3421,1000.0
3422,817.37
3423,950.0
3424,1100.0
3425,1028.67
3426,1100.0
3427,312.69
3428,1100.0
3429,968.13
3430,1042.48
3431,950.0
3432,1100.0
3433,1000.0
3434,1100.0
3435,1000.0
3436,950.0
3437,907.26
3438,1000.0
3439,1100.0
3440,1100.0
3441,693.32
3442,1050.0
3443,950.0
3444,1000.0
3445,950.0
3446,1001.86
3447,1000.0
3448,1000.0
3449,1100.0
3450,1099.03
3451,907.93
3452,950.0
3453,950.0
3454,950.0
3455,1000.0
3456,1000.0
3457,1100.0
3458,919.78
3459,1100.0
3460,1100.0
3461,1000.0
3462,1000.0
3463,1100.0
3464,1050.0
3465,950.0
3466,1050.0
3467,1000.0
3468,1100.0
3469,1050.0
3470,950.0
3471,1110.0
3472,1100.0
3473,1000.0
3474,1100.0
3475,1100.0
3476,1100.0
3477,1100.0
3478,1100.0
3479,1100.0
3480,1010.0
3481,765.66
3482,1050.0
3483,950.0
3484,1100.0
3485,982.09
3486,950.0
3487,1100.0
3488,1100.0
3489,1000.0
3490,1000.0
3491,1050.0
3492,1100.0
3493,1100.0
3494,950.0
3495,960.0
3496,1100.0
3497,1100.0
3498,1050.0
3499,950.0
3500,1110.0
3501,1100.0
3502,1000.0
3503,950.0
3504,1100.0
3505,1100.0
3506,1100.0
3507,1100.0
3508,1100.0
3509,1000.0
3510,1000.0
3511,1100.0
3512,1100.0
3513,1000.0
3514,1000.0
3515,950.0
3516,1000.0
3517,950.0
3518,1100.0
3519,1100.0
3520,950.0
3521,1050.0
3522,1100.0
3523,950.0
3524,950.0
3525,950.0
3526,1100.0
3527,1100.0
3528,968.33
3529,1050.0
3530,867.35
3531,1100.0
3532,1100.0
3533,1100.0
3534,1050.0
3535,1057.82
3536,1050.0
3537,1100.0
3538,1060.0
3539,1050.0
3540,1000.0
3541,1100.0
3542,1050.0
3543,1100.0
3544,1035.2
3545,1100.0
3546,1050.0
3547,1100.0
3548,1100.0
3549,1050.0
3550,950.0
3551,1050.0
3552,1050.0
3553,839.03
3554,1100.0
3555,1100.0
3556,1100.0
3557,1100.0
3558,1100.0
3559,1100.0
3560,1100.0
3561,1000.0
3562,1000.0
3563,1100.0
3564,1050.0
3565,1100.0
3566,1100.0
3567,1000.0
3568,1050.0
3569,1100.0
3570,1100.0
3571,815.6
3572,950.0
3573,1100.0
3574,1050.0
3575,1050.0
3576,1000.0
3577,1050.0
3578,1000.0
3579,1000.0
3580,1100.0
3581,950.0
3582,1050.0
3583,1100.0
3584,1100.0
3585,997.39
3586,1100.0
3587,950.0
3588,1100.0
3589,1100.0
3590,1000.0
3591,470.17
3592,1000.0
3593,1100.0
3594,1050.0
3595,950.0
3596,1100.0
3597,1050.0
3598,1000.0
3599,1050.0
3600,1100.0
3601,1100.0
3602,966.98
3603,1050.0
3604,823.46
3605,672.82
3606,1100.0
3607,1100.0
3608,1100.0
3609,960.0
3610,1100.0
3611,1110.0
3612,1100.0
3613,950.0
3614,1100.0
3615,1000.0
3616,1100.0
3617,1100.0
3618,1110.0
3619,950.0
3620,1000.0
3621,754.7
3622,1100.0
3623,1210.0
3624,950.0
3625,1000.0
3626,1100.0
3627,1000.0
3628,1100.0
3629,1100.0
3630,1000.0
3631,1050.0
3632,1000.0
3633,1050.0
3634,1100.0
3635,1100.0
3636,999.2
3637,1100.0
3638,1100.0
3639,1100.0
3640,1000.0
3641,1100.0
3642,1050.0
3643,1100.0
3644,1000.0
3645,1000.0
3646,1100.0
3647,1050.0
3648,1050.0
3649,1050.0
3650,1100.0
3651,1100.0
3652,1000.0
3653,1100.0
3654,1050.0
3655,1100.0
3656,1050.0
3657,950.0
3658,1100.0
3659,1100.0
3660,1100.0
3661,1000.0
3662,1000.0
3663,1010.5
3664,1100.0
3665,1100.0
3666,1051.93
3667,477.15
3668,1100.0
3669,1100.0
3670,1100.0
3671,1100.0
3672,909.4
3673,1000.0
3674,950.0
3675,1050.0
3676,1000.0
3677,950.0
3678,1100.0
3679,1100.0
3680,1100.0
3681,1100.0
3682,1100.0
3683,1050.0
3684,1100.0
3685,1050.0
3686,918.19
3687,1050.0
3688,950.0
3689,1000.0
3690,1100.0
3691,1000.0
3692,1100.0
3693,1100.0
3694,950.0
3695,1050.0
3696,1100.0
3697,1100.0
3698,1050.0
3699,1000.0
3700,950.0
3701,1000.0
3702,1050.0
3703,1100.0
3704,1050.0
3705,1000.0
3706,1055.24
3707,1001.65
3708,1100.0
3709,1100.0
3710,1100.0
3711,1050.0
3712,1100.0
3713,1100.0
3714,1100.0
3715,1100.0
3716,1050.0
3717,1000.0
3718,1100.0
3719,950.0
3720,356.73
3721,544.14
3722,1000.0
3723,1000.0
3724,934.03
3725,1000.0
3726,1050.0
3727,1050.0
3728,926.43
3729,950.0
3730,1100.0
3731,1000.0
3732,1100.0
3733,1110.0
3734,1100.0
3735,931.77
3736,950.0
3737,1100.0
3738,744.66
3739,1100.0
3740,1100.0
3741,1100.0
3742,1100.0
3743,1000.0
3744,1100.0
3745,703.1
3746,1000.0
3747,1000.0
3748,1050.0
3749,1100.0
3750,1100.0
3751,1000.0
3752,1100.0
3753,1000.0
3754,1050.0
3755,1100.0
3756,1050.0
3757,1100.0
3758,1100.0
3759,1100.0
3760,1050.0
3761,1100.0
3762,795.82
3763,1100.0
3764,1050.0
3765,1050.0
3766,1000.0
3767,950.0
3768,950.0
3769,958.91
3770,1100.0
3771,1100.0
3772,1050.0
3773,1100.0
3774,1050.0
3775,1100.0
3776,1100.0
3777,1100.0
3778,1100.0
3779,1000.0
3780,1100.0
3781,986.58
3782,1000.0
3783,1100.0
3784,1100.0
3785,1050.0
3786,1100.0
3787,1000.0
3788,1050.0
3789,1100.0
3790,1000.0
3791,1100.0
3792,1100.0
3793,372.65
3794,1000.0
3795,1100.0
3796,1100.0
3797,1100.0
3798,950.0
3799,1100.0
3800,1000.0
3801,1100.0
3802,950.0
3803,1100.0
3804,1000.0
3805,1024.05
3806,950.0
3807,1100.0
3808,1050.0
3809,1000.0
3810,1000.0
3811,1100.0
3812,1100.0
3813,960.0
3814,950.0
3815,1050.0
3816,1100.0
3817,1100.0
3818,1050.0
3819,1050.0
3820,1050.0
3821,1000.0
3822,1050.0
3823,932.08
3824,1100.0
3825,1100.0
3826,1000.0
3827,1100.0
3828,1100.0
3829,1050.0
3830,950.0
3831,1050.0
3832,1050.0
3833,1000.0
3834,1050.0
3835,1100.0
3836,1050.0
3837,1050.0
3838,1050.0
3839,1100.0
3840,1060.0
3841,1050.0
3842,1050.0
3843,1000.0
3844,1050.0
3845,950.0
3846,1100.0
3847,1000.0
3848,1100.0
3849,1100.0
3850,950.0
3851,1050.0
3852,1010.0
3853,950.0
3854,1100.0
3855,1050.0
3856,1000.0
3857,1050.0
3858,1050.0
3859,1000.0
3860,1100.0
3861,1100.0
3862,1000.0
3863,1050.0
3864,950.0
3865,1100.0
3866,1100.0
3867,1100.0
3868,1000.0
3869,1100.0
3870,1000.0
3871,1100.0
3872,1100.0
3873,960.0
3874,1050.0
3875,1100.0
3876,1100.0
3877,1050.0
3878,1100.0
3879,1100.0
3880,1050.0
3881,1000.0
3882,1000.0
3883,950.0
3884,1100.0
3885,1050.0
3886,950.0
3887,1000.0
3888,1100.0
3889,941.34
3890,1100.0
3891,1050.0
3892,1050.0
3893,1100.0
3894,1100.0
3895,1100.0
3896,1100.0
3897,543.94
3898,950.0
3899,950.0
3900,1100.0
3901,1100.0
3902,1100.0
3903,1000.0
3904,1100.0
3905,1050.0
3906,696.91
3907,1000.0
3908,1100.0
3909,1000.0
3910,1100.0
3911,1050.0
3912,1000.0
3913,1100.0
3914,1100.0
3915,1000.0
3916,336.28
3917,1110.0
3918,598.98
3919,1100.0
3920,898.03
3921,1050.0
3922,950.0
3923,1100.0
3924,1044.18
3925,1050.0
3926,1100.0
3927,1000.0
3928,1000.0
3929,554.29
3930,950.0
3931,1100.0
3932,1000.0
3933,1050.0
3934,1000.0
3935,1100.0
3936,1000.0
3937,950.0
3938,1000.0
3939,1050.0
3940,1100.0
3941,951.32
3942,1000.0
3943,950.0
3944,1100.0
3945,1100.0
3946,1100.0
3947,1050.0
3948,950.0
3949,266.96
3950,1100.0
3951,1100.0
3952,1050.0
3953,1100.0
3954,978.34
3955,1100.0
3956,1050.0
3957,1100.0
3958,1100.0
3959,1100.0
3960,950.0
3961,1060.0
3962,1047.46
3963,1100.0
3964,1100.0
3965,1100.0
3966,1050.0
3967,1100.0
3968,1100.0
3969,1100.0
3970,1100.0
3971,1100.0
3972,974.83
3973,950.0
3974,970.02
3975,956.84
3976,1100.0
3977,1050.0
3978,1000.0
3979,1050.0
3980,1050.0
3981,1100.0
3982,1100.0
3983,1000.0
3984,1100.0
3985,1050.0
3986,1100.0
3987,874.23
3988,1100.0
3989,1100.0
3990,1050.0
3991,1000.0
3992,1050.0
3993,1100.0
3994,1100.0
3995,950.0
3996,935.87
3997,1100.0
3998,1050.0
3999,1050.0
4000,950.0
4001,1000.0
4002,1100.0
4003,1100.0
4004,1060.0
4005,950.0
4006,950.0
4007,1050.0
4008,1050.0
4009,865.4
4010,1000.0
4011,1050.0
4012,1100.0
4013,1050.0
4014,1050.0
4015,1000.0
4016,1100.0
4017,1100.0
4018,1100.0
4019,1000.0
4020,1100.0
4021,1100.0
4022,1100.0
4023,1050.0
4024,1100.0
4025,1100.0
4026,1110.0
4027,950.0
4028,1050.0
4029,1050.0
4030,1100.0
4031,1050.0
4032,1100.0
4033,950.0
4034,950.0
4035,960.0
4036,1050.0
4037,1000.0
4038,1100.0
4039,1100.0
4040,1100.0
4041,1000.0
4042,1100.0
4043,1050.0
4044,950.0
4045,1100.0
4046,1100.0
4047,1100.0
4048,1050.0
4049,1000.0
4050,1000.0
4051,1000.0
4052,1100.0
4053,1000.0
4054,950.0
4055,1100.0
4056,950.0
4057,1050.0
4058,1100.0
4059,1000.0
4060,1100.0
4061,1100.0
4062,1100.0
4063,950.0
4064,950.0
4065,824.7
4066,1050.0
4067,1100.0
4068,1100.0
4069,1100.0
4070,1000.0
4071,960.0
4072,950.0
4073,1050.0
4074,1100.0
4075,1000.0
4076,389.19
4077,1050.0
4078,1100.0
4079,950.0
4080,1100.0
4081,1100.0
4082,1050.0
4083,922.62
4084,902.03
4085,1100.0
4086,1000.0
4087,1000.0
4088,1100.0
4089,950.0
4090,1060.0
4091,950.0
4092,950.0
4093,1100.0
4094,1050.0
4095,950.0
4096,877.66
4097,1050.0
4098,1110.0
4099,1050.0
4100,1100.0
4101,950.0
4102,1100.0
4103,1100.0
4104,1100.0
4105,1000.0
4106,1050.0
4107,1100.0
4108,950.0
4109,1050.0
4110,1100.0
4111,950.0
4112,1000.0
4113,1050.0
4114,1100.0
4115,1100.0
4116,1060.0
4117,950.0
4118,1070.03
4119,1100.0
4120,1100.0
4121,950.0
4122,1100.0
4123,875.09
4124,1100.0
4125,950.0
4126,1050.0
4127,1100.0
4128,1100.0
4129,1000.0
4130,1100.0
4131,950.0
4132,950.0
4133,1050.0
4134,1100.0
4135,791.08
4136,1050.0
4137,1050.0
4138,993.11
4139,1100.0
4140,1010.0
4141,1100.0
4142,1000.0
4143,1050.0
4144,1050.0
4145,1050.0
4146,1050.0
4147,1100.0
4148,1100.0
4149,1050.0
4150,1100.0
4151,1050.0
4152,1100.0
4153,1000.0
4154,950.0
4155,1100.0
4156,1100.0
4157,1000.0
4158,1000.0
4159,1100.0
4160,1100.0
4161,1100.0
4162,1100.0
4163,1050.0
4164,1100.0
4165,1100.0
4166,1100.0
4167,548.85
4168,950.0
4169,950.0
4170,1100.0
4171,1100.0
4172,1100.0
4173,1200.0
4174,950.0
4175,960.0
4176,1100.0
4177,1100.0
4178,1000.0
4179,1100.0
4180,1100.0
4181,1100.0
4182,1050.0
4183,1100.0
4184,950.0
4185,1000.0
4186,1000.0
4187,1100.0
4188,1100.0
4189,1100.0
4190,1000.0
4191,1100.0
4192,1100.0
4193,1100.0
4194,1100.0
4195,1000.0
4196,1050.0
4197,1100.0
4198,1100.0
4199,1050.0
4200,1100.0
4201,1050.0
4202,1050.0
4203,1050.0
4204,1000.0
4205,1000.0
4206,1100.0
4207,1100.0
4208,1100.0
4209,1100.0
4210,1100.0
4211,1050.0
4212,1100.0
4213,1100.0
4214,1100.0
4215,1100.0
4216,1050.0
4217,1100.0
4218,1100.0
4219,1050.0
4220,1050.0
4221,1100.0
4222,1100.0
4223,1060.0
4224,1050.0
4225,995.95
4226,1100.0
4227,542.36
4228,1050.0
4229,1100.0
4230,1100.0
4231,1000.0
4232,1000.0
4233,1000.0
4234,1100.0
4235,1010.0
4236,1100.0
4237,1100.0
4238,1000.0
4239,1100.0
4240,1050.0
4241,950.0
4242,1100.0
4243,1100.0
4244,1000.0
4245,1100.0
4246,1050.0
4247,1000.0
4248,1000.0
4249,1100.0
4250,1100.0
4251,950.0
4252,1050.0
4253,1010.0
4254,1050.0
4255,1100.0
4256,1100.0
4257,1100.0
4258,668.07
4259,1000.0
4260,1050.0
4261,1079.17
4262,1100.0
4263,950.0
4264,1100.0
4265,950.0
4266,950.0
4267,1100.0
4268,1100.0
4269,1100.0
4270,1100.0
4271,705.05
4272,772.38
4273,737.23
4274,1100.0
4275,950.0
4276,1100.0
4277,1000.0
4278,1100.0
4279,1000.0
4280,1100.0
4281,1100.0
4282,1000.0
4283,1000.0
4284,1000.0
4285,1100.0
4286,950.0
4287,914.02
4288,1050.0
4289,1100.0
4290,1050.0
4291,1100.0
4292,950.0
4293,1100.0
4294,1100.0
4295,950.0
4296,1000.0
4297,1000.0
4298,1100.0
4299,1100.0
4300,1100.0
4301,1000.0
4302,1000.0
4303,1100.0
4304,1050.0
4305,841.33
4306,1000.0
4307,1050.0
4308,1100.0
4309,950.0
4310,950.0
4311,1050.0
4312,1100.0
4313,1100.0
4314,1100.0
4315,881.74
4316,1050.0
4317,1100.0
4318,1073.97
4319,1000.0
4320,1100.0
4321,1100.0
4322,1100.0
4323,1100.0
4324,1100.0
4325,1000.0
4326,1050.0
4327,1050.0
4328,950.0
4329,1100.0
4330,1100.0
4331,1100.0
4332,1100.0
4333,1050.0
4334,950.0
4335,1050.0
4336,950.0
4337,1000.0
4338,1000.0
4339,818.49
4340,983.4
4341,1000.0
4342,1050.0
4343,882.66
4344,950.0
4345,1050.0
4346,1100.0
4347,960.0
4348,1100.0
4349,1100.0
4350,1000.0
4351,950.0
4352,1000.0
4353,1000.0
4354,1050.0
4355,1100.0
4356,1100.0
4357,1050.0
4358,1100.0
4359,1100.0
4360,1100.0
4361,1100.0
4362,1100.0
4363,1100.0
4364,1100.0
4365,1100.0
4366,1100.0
4367,1000.0
4368,933.71
4369,1100.0
4370,1000.0
4371,1050.0
4372,1100.0
4373,1100.0
4374,1050.0
4375,1050.0
4376,1100.0
4377,1000.0
4378,1050.0
4379,1100.0
4380,1000.0
4381,1100.0
4382,1000.0
4383,1100.0
4384,1050.0
4385,1050.0
4386,1050.0
4387,1100.0
4388,1000.0
4389,1000.0
4390,1050.0
4391,796.24
4392,1050.0
4393,1100.0
4394,1074.56
4395,1050.0
4396,1000.0
4397,1100.0
4398,1000.0
4399,1050.0
4400,1100.0
4401,1000.0
4402,950.0
4403,1050.0
4404,1050.0
4405,1000.0
4406,1100.0
4407,1026.47
4408,1050.0
4409,1050.0
4410,1000.0
4411,1100.0
4412,1081.24
4413,1100.0
4414,1050.0
4415,950.0
4416,1050.0
4417,950.0
4418,1000.0
4419,1000.0
4420,1050.0
4421,1000.0
4422,1100.0
4423,1100.0
4424,778.57
4425,1100.0
4426,1100.0
4427,1100.0
4428,1100.0
4429,1100.0
4430,1000.0
4431,1100.0
4432,950.0
4433,1100.0
4434,1050.0
4435,950.0
4436,1100.0
4437,1100.0
4438,1000.0
4439,1050.0
4440,1050.0
4441,1000.0
4442,1050.0
4443,1050.0
4444,1100.0
4445,1050.0
4446,1000.0
4447,1050.0
4448,1100.0
4449,1050.0
4450,695.25
4451,1050.0
4452,950.0
4453,1100.0
4454,1050.0
4455,1050.0
4456,1100.0
4457,1100.0
4458,1060.0
4459,795.72
4460,1050.0
4461,1050.0
4462,950.0
4463,1100.0
4464,1000.0
4465,1060.0
4466,1100.0
4467,1000.0
4468,950.0
4469,1100.0
4470,1000.0
4471,1050.0
4472,1100.0
4473,822.99
4474,1050.0
4475,1000.0
4476,1100.0
4477,1050.0
4478,1050.0
4479,950.0
4480,382.42
4481,950.0
4482,1050.0
4483,1100.0
4484,1000.0
4485,1000.0
4486,702.84
4487,950.0
4488,535.09
4489,950.0
4490,1050.0
4491,950.0
4492,1100.0
4493,1010.0
4494,1000.0
4495,682.94
4496,384.36
4497,1050.0
4498,1100.0
4499,1100.0
4500,1100.0
4501,1100.0
4502,1100.0
4503,977.49
4504,1100.0
4505,1100.0
4506,1050.0
4507,1100.0
4508,1050.0
4509,950.0
4510,1100.0
4511,1050.0
4512,1100.0
4513,1100.0
4514,1050.0
4515,949.97
4516,1053.18
4517,950.0
4518,1100.0
4519,1100.0
4520,950.0
4521,1032.2
4522,1100.0
4523,1003.81
4524,1100.0
4525,1100.0
4526,950.0
4527,1100.0
4528,1000.0
4529,1100.0
4530,1100.0
4531,1000.0
4532,1005.01
4533,1050.0
4534,1100.0
4535,950.0
4536,1100.0
4537,1100.0
4538,1050.0
4539,1110.0
4540,1050.0
4541,1110.0
4542,950.0
4543,1000.0
4544,950.0
4545,928.61
4546,1000.0
4547,1050.0
4548,1100.0
4549,1000.0
4550,1110.0
4551,1100.0
4552,1060.0
4553,1050.0
4554,1100.0
4555,1000.0
4556,1100.0
4557,1000.0
4558,1000.0
4559,929.43
4560,950.0
4561,950.0
4562,950.0
4563,1050.0
4564,1038.64
4565,1007.16
4566,1050.0
4567,1000.0
4568,994.18
4569,950.0
4570,1100.0
4571,1050.0
4572,626.35
4573,1100.0
4574,1050.0
4575,950.0
4576,680.61
4577,1050.0
4578,1100.0
4579,1050.0
4580,1000.0
4581,1100.0
4582,1050.0
4583,1100.0
4584,1100.0
4585,863.18
4586,1110.0
4587,1100.0
4588,1050.0
4589,1050.0
4590,950.0
4591,1050.0
4592,1050.0
4593,1100.0
4594,1100.0
4595,1050.0
4596,1100.0
4597,1050.0
4598,1100.0
4599,1100.0
4600,741.76
4601,650.44
4602,950.0
4603,1100.0
4604,1100.0
4605,1050.0
4606,1100.0
4607,1100.0
4608,1034.98
4609,950.0
4610,952.5
4611,1050.0
4612,1100.0
4613,1100.0
4614,1100.0
4615,1100.0
4616,1050.0
4617,1000.0
4618,1000.0
4619,1050.0
4620,950.0
4621,1100.0
4622,1100.0
4623,1000.0
4624,1100.0
4625,950.0
4626,950.0
4627,1000.0
4628,1050.0
4629,1100.0
4630,1100.0
4631,1050.0
4632,1000.0
4633,1000.0
4634,1000.0
4635,1100.0
4636,1000.0
4637,1060.0
4638,950.0
4639,1110.0
4640,1050.0
4641,1050.0
4642,1100.0
4643,1100.0
4644,1000.0
4645,950.0
4646,1000.0
4647,1100.0
4648,1050.0
4649,1050.0
4650,1100.0
4651,1050.0
4652,950.0
4653,707.02
4654,1100.0
4655,907.55
4656,1100.0
4657,1100.0
4658,1100.0
4659,950.0
4660,1050.0
4661,862.39
4662,1100.0
4663,1050.0
4664,1110.0
4665,1100.0
4666,1100.0
4667,1000.0
4668,1100.0
4669,825.92
4670,1100.0
4671,1110.0
4672,1100.0
4673,1100.0
4674,1100.0
4675,1100.0
4676,1060.0
4677,831.68
4678,928.99
4679,950.0
4680,1050.0
4681,1100.0
4682,1000.0
4683,950.0
4684,950.0
4685,1000.0
4686,1050.0
4687,1100.0
4688,1050.0
4689,950.0
4690,1100.0
4691,950.65
4692,1000.0
4693,950.0
4694,1100.0
4695,659.7
4696,1100.0
4697,1100.0
4698,950.0
4699,1050.0
4700,1100.0
4701,1100.0
4702,888.57
4703,1100.0
4704,1100.0
4705,1000.0
4706,1050.0
4707,1050.0
4708,1000.0
4709,1100.0
4710,950.0
4711,1050.0
4712,1050.0
4713,896.3
4714,1100.0
4715,1100.0
4716,950.0
4717,558.07
4718,950.0
4719,1000.0
4720,1000.0
4721,1050.0
4722,1100.0
4723,1050.0
4724,710.04
4725,1000.0
4726,950.0
4727,1100.0
4728,1050.0
4729,1050.0
4730,1050.0
4731,1100.0
4732,1028.82
4733,950.0
4734,1100.0
4735,1100.0
4736,1050.0
4737,1050.0
4738,1100.0
4739,1100.0
4740,1000.0
4741,1050.0
4742,885.71
4743,960.0
4744,1100.0
4745,950.0
4746,1100.0
4747,1100.0
4748,1100.0
4749,950.0
4750,1100.0
4751,950.0
4752,1100.0
4753,1050.0
4754,1100.0
4755,1000.0
4756,1100.0
4757,950.0
4758,1100.0
4759,1100.0
4760,1110.0
4761,950.0
4762,1100.0
4763,1100.0
4764,936.29
4765,950.0
4766,1050.0
4767,1050.0
4768,1100.0
4769,933.48
4770,950.0
4771,1000.0
4772,1100.0
4773,1000.0
4774,1050.0
4775,1050.0
4776,1050.0
4777,1100.0
4778,1000.0
4779,1100.0
4780,1050.0
4781,1100.0
4782,1050.0
4783,1050.68
4784,1000.0
4785,1100.0
4786,950.0
4787,950.0
4788,950.0
4789,1050.0
4790,1050.0
4791,1100.0
4792,1000.0
4793,1100.0
4794,1100.0
4795,1100.0
4796,825.25
4797,1000.0
4798,1100.0
4799,950.0
4800,1100.0
4801,1100.0
4802,1100.0
4803,1000.0
4804,469.66
4805,1060.0
4806,1100.0
4807,1050.0
4808,911.32
4809,1000.0
4810,1100.0
4811,1050.0
4812,1050.0
4813,1000.0
4814,1100.0
4815,153.07
4816,1100.0
4817,1050.0
4818,1000.0
4819,1000.0
4820,1000.0
4821,1100.0
4822,1100.0
4823,1100.0
4824,1110.0
4825,1100.0
4826,1050.0
4827,950.0
4828,844.28
4829,1033.2
4830,1110.0
4831,1050.0
4832,977.32
4833,1050.0
4834,950.0
4835,1100.0
4836,1100.0
4837,1000.0
4838,1050.0
4839,1000.0
4840,1000.0
4841,1110.0
4842,950.0
4843,1050.0
4844,1050.0
4845,1024.46
4846,1100.0
4847,751.36
4848,950.0
4849,950.0
4850,950.0
4851,1100.0
4852,1100.0
4853,1100.0
4854,1100.0
4855,855.76
4856,950.0
4857,1100.0
4858,1000.0
4859,1000.0
4860,1000.0
4861,1050.0
4862,1100.0
4863,1050.0
4864,1050.0
4865,1100.0
4866,1000.0
4867,1100.0
4868,1050.0
4869,1050.0
4870,1100.0
4871,950.0
4872,1100.0
4873,1100.0
4874,1050.0
4875,1100.0
4876,1020.73
4877,1100.0
4878,950.0
4879,1050.0
4880,950.0
4881,1100.0
4882,950.0
4883,1050.0
4884,1100.0
4885,1000.0
4886,950.0
4887,1050.0
4888,1000.0
4889,1100.0
4890,950.0
4891,806.64
4892,1000.0
4893,1100.0
4894,897.65
4895,1100.0
4896,1110.0
4897,327.3
4898,1050.0
4899,1050.0
4900,1050.0
4901,950.0
4902,1100.0
4903,1100.0
4904,950.0
4905,1000.0
4906,675.28
4907,950.0
4908,1058.87
4909,950.0
4910,1100.0
4911,1100.0
4912,1010.0
4913,1100.0
4914,1100.0
4915,1100.0
4916,1050.0
4917,1010.0
4918,1050.0
4919,950.0
4920,950.0
4921,1050.0
4922,1060.0
4923,1000.0
4924,557.95
4925,1050.0
4926,1100.0
4927,1200.0
4928,950.0
4929,828.67
4930,1050.0
4931,1000.0
4932,950.0
4933,1100.0
4934,496.07
4935,1050.0
4936,1200.0
4937,1060.0
4938,1100.0
4939,1032.49
4940,1100.0
4941,950.0
4942,1000.0
4943,1100.0
4944,1000.0
4945,926.04
4946,1100.0
4947,1000.0
4948,950.0
4949,1000.0
4950,1000.0
4951,1050.0
4952,1060.0
4953,1100.0
4954,1050.0
4955,1000.0
4956,1100.0
4957,950.0
4958,1050.0
4959,1000.0
4960,947.09
4961,1050.0
4962,953.02
4963,950.0
4964,1050.0
4965,1050.0
4966,1100.0
4967,1100.0
4968,1000.0
4969,1100.0
4970,533.63
4971,950.0
4972,950.0
4973,1110.0
4974,1100.0
4975,1100.0
4976,1100.0
4977,1050.0
4978,1110.0
4979,1000.0
4980,1100.0
4981,1100.0
4982,1100.0
4983,950.0
4984,950.0
4985,1100.0
4986,1100.0
4987,950.0
4988,1100.0
4989,714.16
4990,1100.0
4991,1100.0
4992,1100.0
4993,1100.0
4994,1000.0
4995,908.29
4996,684.32
4997,1004.04
4998,1000.0
4999,1100.0
